plant_id,state,technology,sno,plant,cod_removal_pct,bod_removal_pct,tkn_removal_pct,ph,faecal_coliform_mpn_100ml,discharge_cod_mgl,discharge_bod_mgl
tg-siddipet,Telangana,DEWATS,1,Siddipet,97.9,98.3,95.4,6.8,6,24.3,6.3
tg-sircilla,Telangana,DEWATS,2,Sircilla,58.9,62.7,46.1,7.8,549,124.7,24
tn-thirumangalam,Tamil Nadu,DEWATS,3,Thirumangalam,67.5,66.9,95.4,8.7,14,66.3,16.3
tn-thuraiyur,Tamil Nadu,DEWATS,4,Thuraiyur,82.5,81.7,98,10.2,30,58.3,15
tn-vickramasingapuram,Tamil Nadu,DEWATS,5,Vickramasingapuram,83.8,77.9,83.8,9.2,251,54.7,14.7
tn-shenkottai,Tamil Nadu,DEWATS,6,Shenkottai,31.7,32.6,82.9,8.9,296,172,42.7
up-jhansi-12-kld,Uttar Pradesh,DEWATS,7,Jhansi 12KLD,59.4,58,55.9,8.5,2165,75,20
up-jhansi-6-kld,Uttar Pradesh,DEWATS,8,Jhansi 6KLD,48.3,59,72.6,7.7,16593,144.4,16.7
up-unnao,Uttar Pradesh,DEWATS,9,Unnao,89,90.5,82.8,8,69,53.6,8.4
up-chunar,Uttar Pradesh,DEWATS,10,Chunar,33.8,48.3,72.6,7.4,3820,71,20
up-amethi,Uttar Pradesh,DEWATS,11,Amethi,1.2,1.2,66.8,8.7,2400,168,48.3
rj-phulera,Rajasthan,DEWATS,12,Phulera,60.3,70.5,60.9,8.5,173,148.2,23.2
rj-lalsot,Rajasthan,DEWATS,13,Lalsot,67.1,71.3,47.6,8,622,121,19.4
rj-khandela,Rajasthan,DEWATS,14,Khandela,61.7,65.9,53.6,9.1,35,124.2,22.4
od-balasore,Odisha,DEWATS,15,Balasore,91.4,73.5,77.6,7.5,72,146.3,50
od-baripada,Odisha,DEWATS,16,Baripada,79.1,62.2,49.9,7.6,5838,367.3,90
od-bhubaneswar,Odisha,DEWATS,17,Bhubaneswar,83.7,69.2,64.2,7.1,314,74.5,25.7
od-dhenkanal,Odisha,DEWATS,18,Dhenkanal,51.1,46.3,80.7,7.7,61,56,30.6
od-berhampur,Odisha,DEWATS,19,Berhampur,80.3,87.3,82,7.7,300,153.3,27.6
od-angul,Odisha,DEWATS,20,Angul,49.8,60.4,68.5,7.6,16947,162,26.7
od-sambalpur,Odisha,DEWATS,21,Sambalpur,49.6,32.8,89.8,7.8,9,76.3,14.1
od-rourkela,Odisha,DEWATS,22,Rourkela,68.9,55.6,89.8,7.7,5,89.3,18.2
od-asika,Odisha,DEWATS,23,Asika,95.2,94.6,93.1,6.6,30,17,6.1
od-bhadrak,Odisha,DEWATS,24,Bhadrak,83.7,83.2,92.2,8.1,32,105,32.1
od-chodwar,Odisha,DEWATS,25,Chodwar,77.4,76,92.7,8.3,30,43,13.5
od-jagatsinghpur,Odisha,DEWATS,26,Jagatsinghpur,97.9,98,95.4,7.3,320,24.7,7.5
od-jatni,Odisha,DEWATS,27,Jatni,73.3,71.9,76,7,32,91.3,28.5
od-khordha,Odisha,DEWATS,28,Khordha,83.6,82.7,83.4,6.6,200,65.7,20.6
od-nimapada,Odisha,DEWATS,29,Nimapada,50,48.6,67.1,8,30,31.5,9
od-paralakhemundi,Odisha,DEWATS,30,Paralakhemundi,95.5,95,95.2,7.1,33,36,10.5
cg-patora,Chhattisgarh,DEWATS,31,"Patora, Raipur",53.3,58.5,78.4,8.4,117,89,22
cg-kumhari,Chhattisgarh,DEWATS,32,"Kumhari, Raipur",59.7,52.3,75.2,8.2,2310,68.7,17
mp-kalibillod,Madhya Pradesh,DEWATS,33,"Kalibilod, Indore",60.9,60.1,62.3,8,4026,119,27.7
tg-kamareddy,Telangana,MBBR,1,Kamareddy,97.6,96.9,96.3,7.3,34,40.33,11
tg-nirmal,Telangana,MBBR,2,Nirmal,73.8,67.4,82.8,7.6,235,27,7.5
tg-uppal,Telangana,MBBR,3,Uppal,54.8,69.3,94.5,7.7,55,82,14.33
tn-periyanaickenpalayam,Tamil Nadu,MBBR,4,Periyanaickenpalayam,35.9,41.7,20.5,8.6,1330,163.3,37.3
up-loni,Uttar Pradesh,MBBR,5,Loni,58.6,60.9,74.2,7.9,765,231,48
up-modinagar,Uttar Pradesh,MBBR,6,Modinagar*,71.7,71,49.9,8.2,30,44.5,11
tg-boduppal,Telangana,Geotube,1,Boduppal,91,90.1,91.3,8.2,14,57.33,13.33
tg-bongir,Telangana,Geotube,2,Bongir,78.3,77.7,96.2,8.6,29,49,11
tg-shadnagar,Telangana,Geotube,3,Shandnagar,95.8,95.5,92.9,8.1,46,54.67,13
mp-ojus,Madhya Pradesh,Mizuchi,1,"Ojus, Jabalpur",94.4,93.7,83.5,7.105,233,19.5,6.5
mp-elanza,Madhya Pradesh,Mizuchi,2,"Elanza, Jabalpur",94.7,94.7,87.3,7.225,14299,38.5,11.5
mp-st-alosius,Madhya Pradesh,Mizuchi,3,"St.Alosius, Jabalpur",80.6,79.3,72.2,7.745,133,28,8.6
tg-nalgonda,Telangana,Electrocoagulation-flotation,1,Nalgonda,92.6,,97.8,8.2,20,41,10.67
tg-warangal,Telangana,Packaged STP,1,Warangal,86.9,85.1,87.1,8.3,13,46,11.33
