plant_id,plant_name,state,plant_type,sno,plant,capacity,capacity_value,capacity_unit,technology,description,post_treatment,capex,opex,capex_inr_crore,opex_inr_lakh,sampled
tg-boduppal,Boduppal,Telangana,FSTP,1,Boduppal,15 KLD,15,KLD,Geotube Technology,"Screening Chamber, Sludge holding tank, Polymer tank, Geotube dewatering system, aeration system",Pressure Sand filter and activated carbon filter,-,-,,,TRUE
tg-uppal,Uppal,Telangana,FSTP,2,Uppal,40 KLD,40,KLD,Combined Biological Treatment with solar sludge drying and decontamination,"Bar Screen, Collection pit, dewatering unit, moving bed bioreactor; Sludge dried by paddle dryer followed by IR decontamination","Membrane filter and activated carbon filter, photocatalytic oxidation reactor",-,-,,,TRUE
tg-khajaguda,Khajaguda,Telangana,STP co-treatment,3,Khajaguda,7 MLD,7,MLD,Moving Bed Bioreactor,"STP Co-treatment Sewage sump, rake classifier, moving bed bioreactor, clarifier, centrifugal separation of solids",Chlorination,-,-,,,TRUE
tg-nanakramguda,Nanakramguda,Telangana,STP co-treatment,4,Nanakramguda,4.5 MLD,4.5,MLD,Moving Bed Bioreactor,"STP Co-treatment Grit chamber, moving bed bioreactor, clarifier, centrifugal separation of solids",Chlorination,-,-,,,TRUE
tg-bongir,Bongir,Telangana,FSTP,5,Bhongir,15 KLD,15,KLD,Geotube Technology,"Screening Chamber, Sludge holding tank, Polymer tank, Geotube dewatering system, aeration system",Sand filter and activated carbon filter,-,-,,,TRUE
tg-shadnagar,Shadnagar,Telangana,FSTP,6,Shadnagar,25 KLD,25,KLD,Geotube Technology,"Screening Chamber, Sludge holding tank, Polymer tank, Geotube dewatering system, aeration system",Sand filter and activated carbon filter,-,-,,,TRUE
tg-siddipet,Siddipet,Telangana,FSTP,7,Siddipet,20 KLD,20,KLD,DEWATs,"Anaerobic stabilization reactor, sludge drying bed, balancing tank, integrated settler with anaerobic filter, Planted gravel filter",Polishing pond,-,-,,,TRUE
tg-sircilla,Sircilla,Telangana,FSTP,8,Sircilla,18 KLD,18,KLD,DEWATs,"Screening chamber, stabilization reactor, unplanted sludge drying bed, integrated settler with anaerobic filter","Sand and carbon filter, polishing pond",1.6 Cr.,11 lakhs.,1.6,11,TRUE
tg-nirmal,Nirmal,Telangana,FSTP,9,Nirmal,30 KLD,30,KLD,Moving Bed Bioreactor,"Receiving sump, grit removal, equalization tank, clarifier, settling tank, moving bed bioreactor, clarified water tank","Pressure sand and carbon filter, Chlorination",2.19 Cr.,7.5 lakhs.,2.19,7.5,TRUE
tg-kamareddy,Kamareddy,Telangana,FSTP,10,Kamareddy,30 KLD,30,KLD,"Moving Bed Bioreactor, Paddle drying and IR radiation of sludge","Main screen, bar screen, solid liquid separator, moving bed bioreactor, tube settler,","Chlorination, sand and carbon filter",2.25 Cr.,7 lakhs,2.25,7,TRUE
tg-warangal,Warangal,Telangana,FSTP,11,Warangal,15 KLD,15,KLD,"Packaged STP, Sludge processing by pyrolysis","Dewatering unit, moving bed bioreactor, Sludge processing by two ways: aerobic biodegradation of sludge and compost preparation, sludge drying by pyrolysis and preparation of biochar","Pressure sand filter, activated carbon filter and chlorination",1.1 Cr.,18 lakhs,1.1,18,TRUE
tg-nalgonda,Nalgonda,Telangana,FSTP,12,Nalgonda,75 KLD,75,KLD,Electrocoagulation,"Screen chamber, equalization tank, electrocoagulation, aeration tank","Sand Filter, activated carbon filter and UV disinfection",4 Cr.,8.3 lakhs,4,8.3,TRUE
tn-ukkadam,Ukkadam,Tamil Nadu,STP co-treatment,1,"Ukkadam, Coimbatore",70 MLD,70,MLD,SBR,"STP Co-treatment: Screening, Grit chamber followed by SBR system and chlorination",Chlorination,0.22 Cr. for co-treatment,-,0.22,,TRUE
tn-periyanaickenpalayam,Periyanaickenpalayam,Tamil Nadu,FSTP,2,"PNP, Coimbatore",30 KLD,30,KLD,MBBR,FSTP:Polymer based dewatering machine followed by MBBR and tertiary treatment by sand & carbon filter and UV treatment; co-composting of dry sludge,"Carbon filter, sand filter, UV treatment",2.48 Cr,-,2.48,,TRUE
tn-erode,Erode,Tamil Nadu,STP co-treatment,3,Erode,50 MLD,50,MLD,MBBR,"STP Co-treatment: Grit chamber, Equalization tank, Anoxic tank, MBBR tank, aeration tank and tertiary treatment by disc filter and chlorination",Chlorination,18 Cr.,-,18,,TRUE
tn-thuraiyur,Thuraiyur,Tamil Nadu,FSTP,4,"Thuraiyur, Tiruchirapalli",20 KLD,20,KLD,DWWT,"FSTP: Stabilization tank followed by Unplanted drying beds, anaerobic filter, and planted gravel filter.",Absent,3.2 Cr.,-,3.2,,TRUE
tn-trichy,Trichy,Tamil Nadu,STP co-treatment,5,Tiruchirapalli,58 MLD,58,MLD,Waste stabilization pond,STP Co-treatment: Anaerobic treatment followed by Facultative pond and polishing pond,Absent,116 Cr.,-,116,,TRUE
tn-madurai,Madurai,Tamil Nadu,STP co-treatment,6,Madurai,125 MLD,125,MLD,SBR,STP Co-treatment: Screening and grit removal followed by SBR system and chlorination,Chlorination,72 Cr.,-,72,,TRUE
tn-thirumangalam,Thirumangalam,Tamil Nadu,FSTP,7,Tirumangalam Madurai,40 KLD,40,KLD,DWWT,"FSTP: Stabilization reactor followed by gravity based settling on drying beds, anaerobic filter, planted gravel filter and polishing pond",Absent,-,-,,,TRUE
tn-vickramasingapuram,Vickramasingapuram,Tamil Nadu,FSTP,8,"VK puram, Tirunelveli",30 KLD,30,KLD,DWWT,"FSTP: Stabilization reactor followed by gravity based settling on drying beds, anaerobic filter, planted gravel filter and polishing pond",Polishing pond,3 Cr.,7.2 lakhs,3,7.2,TRUE
tn-shenkottai,Shenkottai,Tamil Nadu,FSTP,9,"Shenkottai, Thenkasi",20 KLD,20,KLD,DWWT,"FSTP: Stabilization reactor followed by gravity based settling on drying beds, anaerobic filter, planted gravel filter and polishing pond",Polishing pond,2.6 Cr,10 lakhs,2.6,10,TRUE
od-puri,Puri,Odisha,STP co-treatment,1,Puri,50 KLD,50,KLD,STP Co-treatment: Waste stabilization pond,"Settler cum Thickener, Unplanted Sludge Drying Bed (USDB); Supernatant & Leachate diverted to STP",Without tertiary treatment,1.75 Cr,17.5 Lakhs,1.75,17.5,TRUE
od-balasore,Balasore,Odisha,FSTP,2,Balasore,60 KLD,60,KLD,DEWATS,"Settler cum Thickener, Unplanted Sludge Drying Bed (USDB), ABR with AF, PGF",Polishing Pond,2.55 Cr,18.8 Lakhs,2.55,18.8,TRUE
od-baripada,Baripada,Odisha,FSTP,3,Baripada,50 KLD,50,KLD,DEWATS,"Settler cum Thickener, Unplanted Sludge Drying Bed (USDB), ABR with AF, PGF Polishing Pond",Polishing Pond,2.41 Cr,,2.41,,TRUE
od-bhubaneswar,Bhubaneswar,Odisha,FSTP,4,Bhubaneswar,75 KLD,75,KLD,DEWATS,"Settler cum Thickener, Unplanted Sludge Drying Bed (USDB), ABR with AF, PGF",Polishing Pond,3.54 Cr,19.5 Lakhs,3.54,19.5,TRUE
od-dhenkanal,Dhenkanal,Odisha,FSTP,5,Dhenkanal,27 KLD,27,KLD,DEWATS,"Stabilization Reactor, Unplanted Sludge Drying Bed (USDB), ABR with AF, PGF & Collection Tank",Tertiary treatment with sand & activated carbon filter followed by UV irradiation,2.85 Cr,10.5 Lakhs,2.85,10.5,TRUE
od-berhampur,Berhampur,Odisha,FSTP,6,Berhampur,40 KLD,40,KLD,DEWATS,"Settler cum Thickener, Unplanted Sludge Drying Bed (USDB), ABR with AF, PGF",Polishing Pond,2.48 Cr,-,2.48,,TRUE
od-angul,Angul,Odisha,FSTP,7,Angul,18 KLD,18,KLD,DEWATS,"Stabilization Reactor, Unplanted Sludge Drying Bed (USDB), ABR with AF, PGF & Collection Tank",Tertiary treatment with sand & activated carbon filter followed by UV irradiation,2.53 Cr,-,2.53,,TRUE
od-sambalpur,Sambalpur,Odisha,FSTP,8,Sambalpur,20 KLD,20,KLD,DEWATS,"Settler cum Thickener, Unplanted Sludge Drying Bed (USDB), ABR with AF, PGF",Polishing Pond,1.92 Cr,-,1.92,,TRUE
od-rourkela,Rourkela,Odisha,FSTP,9,Rourkela,40 KLD,40,KLD,DEWATS,"Settler cum Thickener, Unplanted Sludge Drying Bed (USDB), ABR with AF, PGF",Polishing Pond,2.15 Cr,-,2.15,,TRUE
od-asika,Asika,Odisha,FSTP,10,Asika,10 KLD,10,KLD,DEWATS,"Settling-thickening tank (STT) and unplanted sludge drying beds (USDB, ABR, horizontal planted gravel filter (PGF)",Polishing pond,1.5 Cr,3.6 Lakhs,1.5,3.6,TRUE
od-bhadrak,Bhadrak,Odisha,FSTP,11,Bhadrak,30 KLD,30,KLD,DEWATS,"Settling-thickening tank (STT) unplanted sludge drying beds (USDB), ABR, planted gravel filter",Polishing pond,-,11 Lakhs,,11,TRUE
od-chodwar,Chodwar,Odisha,FSTP,12,Choudwar,12 KLD,12,KLD,DEWATS,"Settling-thickening tank (STT), unplanted sludge drying beds (USDB), ABR, planted gravel filter (PGF)",Activated carbon filter (ACF) and UV,2.3 Cr,6.96 Lakhs,2.3,6.96,TRUE
od-jagatsinghpur,Jagatsinghpur,Odisha,FSTP,13,Jagatsinghpur,20 KLD,20,KLD,DEWATS,"Settling-thickening tank (STT), unplanted sludge drying beds (USDB), ABR, horizontal planted gravel filter (PGF)",Polishing pond,3.5 Cr,9.6 Lakhs,3.5,9.6,TRUE
od-jatni,Jatni,Odisha,FSTP,14,Jatni,20 KLD,20,KLD,DEWATS,"Settling-thickening tank (STT), unplanted sludge drying beds (USDB), ABR, horizontal planted gravel filter (PGF)",Polishing pond,-,-,,,TRUE
od-khordha,Khordha,Odisha,FSTP,15,Khordha,20 KLD,20,KLD,DEWATS,"Settling-thickening tank (STT), unplanted sludge drying beds (USDB), ABR, horizontal planted gravel filter (PGF)",Polishing pond,-,-,,,TRUE
od-nimapada,Nimapada,Odisha,FSTP,16,Nimapada,10 KLD,10,KLD,DEWATS,"Settling-thickening tank (STT), unplanted sludge drying beds (USDB), ABR, planted gravel filter (PGF)",Polishing pond,-,-,,,TRUE
od-paralakhemundi,Paralakhemundi,Odisha,FSTP,17,Paralakhemundi,20 KLD,20,KLD,DEWATS,"Settling-thickening tank (STT), unplanted sludge drying beds (USDB), ABR, horizontal planted gravel filter (PGF)",Polishing pond,3.0 Cr,9.12 Lakhs,3,9.12,TRUE
od-surada,Surada,Odisha,FSTP,18,Surada**,10 KLD,10,KLD,DEWATS,"Settling-thickening tank (STT) and unplanted sludge drying beds (USDB), ABR, horizontal planted gravel filter (PGF)",Polishing pond,3.0 Cr,12 Lakhs,3,12,FALSE
od-kashinagar,Kashinagar,Odisha,FSTP,19,Kashinagar**,10 KLD,10,KLD,DEWATS,"Settling-thickening tank (STT), unplanted sludge drying beds (USDB), ABR, planted gravel filter (PGF)",Polishing pond,3.0 Cr,9.12 Lakhs,3,9.12,FALSE
od-hinjilicut,Hinjilicut,Odisha,FSTP,20,Hinjilicut**,10 KLD,10,KLD,DEWATS,"Settling-thickening tank (STT), unplanted sludge drying beds (USDB), ABR, planted gravel filter (PGF)",Polishing pond,3.0 Cr,9.6 Lakhs,3,9.6,FALSE
od-talcher,Talcher,Odisha,FSTP,21,Talcher**,20 KLD,20,KLD,DEWATS,"Settling-thickening tank (STT), unplanted sludge drying beds (USDB), ABR, planted gravel filter (PGF)",Polishing pond,2.75 Cr,9.12 Lakhs,2.75,9.12,FALSE
rj-phulera,Phulera,Rajasthan,FSTP,1,Phulera,20 KLD,20,KLD,DEWATS,"Stabilization Reactor, Unplanted Sludge Drying Bed (USDB), Integrated Settler with AF, PGF & Collection Tank",Without tertiary treatment,2.8 Cr.,8.6 Lakhs,2.8,8.6,TRUE
rj-lalsot,Lalsot,Rajasthan,FSTP,2,Lalsot,20 KLD,20,KLD,DEWATS,"Stabilization Reactor, Unplanted Sludge Drying Bed (USDB), Integrated Settler with AF, PGF & Collection Tank",Without tertiary treatment,3.85 Cr.,8.4 Lakhs,3.85,8.4,TRUE
rj-khandela,Khandela,Rajasthan,FSTP,3,Khandela,10 KLD,10,KLD,DEWATS,"Planted Sludge Drying Bed (PSDB), Integrated Settler with AF, PGF & Polishing Pond",Without tertiary treatment,2.08 Cr.,6.5 Lakhs,2.08,6.5,TRUE
up-unnao,Unnao,Uttar Pradesh,FSTP,1,Unnao,32 KLD,32,KLD,DEWATS,"Stabilization Reactor, Screw Press, USDB, Settler–ABR-AF, PGF & Polishing Pond",Tertiary treatment with sand & activated carbon filter followed by UV irradiation,4.93 Cr.,21.5 Lakhs,4.93,21.5,TRUE
up-jhansi-6-kld,Jhansi 6 KLD,Uttar Pradesh,FSTP,2,Jhansi,6 KLD,6,KLD,DEWATS,"Planted sludge drying bed, ABR and PGF",Polishing pond,-,-,,,TRUE
up-jhansi-12-kld,Jhansi 12 KLD,Uttar Pradesh,FSTP,3,Jhansi,12 KLD,12,KLD,DEWATS,"Planted sludge drying bed, ABR and PGF",Polishing pond,-,-,,,TRUE
up-chunar,Chunar,Uttar Pradesh,FSTP,4,Chunar,10 KLD,10,KLD,DEWATS,"Planted sludge drying bed, ABR and PGF",Tertiary treatment with sand & activated carbon filter followed by UV irradiation,-,-,,,TRUE
up-modinagar,Modinagar,Uttar Pradesh,FSTP,5,Modinagar,32 KLD,32,KLD,Hyper core (LAMELLA)*,"The hyper-core system in which faecal sludge undergoes the baffled anaerobic digestion and then clarifier-led aeration followed by tertiary treatment equipped with carbon filter, sand filter and ozonation",Sand & activated carbon filter followed by Ozone,-,-,,,TRUE
up-loni,Loni,Uttar Pradesh,FSTP,6,Loni,32 KLD,32,KLD,MBBR,"MBBR, tube settler and clarifier",Sand & activated carbon filter followed by UV,-,-,,,TRUE
up-amethi,Amethi,Uttar Pradesh,FSTP,7,Amethi,3 KLD,3,KLD,DEWATS,"Planted sludge drying bed, ABR and PGF",NA,-,-,,,TRUE
up-bharwara,Bharwara,Uttar Pradesh,STP co-treatment,8,Bharwara,345 MLD,345,MLD,STP Co-treatment UASB,"Up flow anaerobic Sludge blanket (UASB), pre-aeration tank, polishing pond",Chlorination,-,-,,,TRUE
up-bijnor,Bijnor,Uttar Pradesh,STP co-treatment,9,Bijnor,24 MLD,24,MLD,STP Co-treatment UASB,"UASB, pre-aeration tank & polishing pond; solid sludge from Reactor diverted to the filter press and finally to the sludge drying bed",Chlorination,-,-,,,TRUE
up-bingawan,Bingawan,Uttar Pradesh,STP co-treatment,10,Bingawan,210 MLD,210,MLD,STP Co-treatment UASB,"UASB, pre-aeration tank & polishing pond; solid sludge from Reactor diverted to the filter press and finally to the sludge drying bed",Chlorination,-,-,,,TRUE
mp-kalibillod,Kalibillod,Madhya Pradesh,FSTP,1,Indore,3 KLD,3,KLD,DEWATS,"Stabilization tank followed by planted sludge drying beds, (PDB) integrated settler and anaerobic filter (ISAF), and planted gravel filter (PGF)",Polishing pond,-,-,,,TRUE
mp-elanza,Elanza,Madhya Pradesh,FSTP,2,"Elanza, Jabalpur",50 KLD,50,KLD,Mizuchi,"Settling tank, trickling filtration, vermicomposting (MIZUCHI), Filtration through pebble layers (TERRA)",NA,-,-,,,TRUE
mp-ojus,Ojus,Madhya Pradesh,FSTP,3,"Ojus, Jabalpur",100 KLD,100,KLD,Mizuchi,"Settling tank, trickling filtration, vermicomposting, Multigrade sand filter and activated carbon filter",Multigrade sand filter and activated carbon filter,-,-,,,TRUE
mp-st-alosius,St. Alosius,Madhya Pradesh,FSTP,4,"St.Alosius, Jabalpur",100 KLD,100,KLD,Mizuchi,"Settling tank, trickling filtration, vermicomposting, water filtration through pebbles",NA,-,-,,,TRUE
cg-kumhari,Kumhari,Chhattisgarh,FSTP,1,Kumhari,6 KLD,6,KLD,DEWATS,"Planted sludge drying beds (PDB), integrated settler and anaerobic filter (ISAF), planted gravel filter (PGF)",Polishing pond,-,3.84 Lakhs,,3.84,TRUE
cg-patora,Patora,Chhattisgarh,FSTP,2,Patora,9 KLW,9,KLW,DEWATS,"Planted sludge drying beds (PDB), integrated settler and anaerobic filter (ISAF),planted gravel filter (PGF)",Polishing Pond,0.36 Cr.,1.47 lakhs,0.36,1.47,TRUE
uk-lakkarghat,Lakkarghat,Uttarakhand,STP co-treatment,1,"Lakkarghat, Rishikesh",26 MLD,26,MLD,SBR,SBR chamber followed by chlorination; Centrifugation of sediment to separate solid sludge,Sand filter & chlorination,,,,,TRUE
uk-chorpani,Chorpani,Uttarakhand,STP co-treatment,2,"Chorpani, Rishikesh",5 MLD,5,MLD,MBBR,MBBR technology followed by Secondary Clarifier and finally chlorination; Centrifugation of sediment to separate solid sludge,Sand filter &chlorination,,,,,TRUE
uk-chandreswar,Chandreswar,Uttarakhand,STP co-treatment,3,"Chandreswar, Rishikesh",7.5 MLD,7.5,MLD,MBBR,MBBR technology followed by Secondary Clarifier and finally chlorination; Centrifugation of sediment to separate solid sludge,Dish filter & chlorination,,,,,TRUE
uk-tapovan,Tapovan,Uttarakhand,STP co-treatment,4,"Tapovan, Rishikesh",3.5 MLD,3.5,MLD,SBR,SBR chamber followed by chlorination; Centrifugation of sediment to separate solid sludge,Chlorination,,,,,TRUE
uk-mothrowala-i,Mothrowala-I,Uttarakhand,STP co-treatment,5,"Mothrowala-I, Dehradun",20 MLD,20,MLD,SBR,SBR chamber followed by chlorination; Centrifugation of sediment to separate solid sludge,Chlorination,,,,,TRUE
uk-mothrowala-ii,Mothrowala-II,Uttarakhand,STP co-treatment,6,"Mothrowala-II, Dehradun",20 MLD,20,MLD,SBR,SBR chamber followed by chlorination; Centrifugation of sediment to separate solid sludge,Chlorination,,,,,TRUE
uk-indira-nagar,Indira Nagar,Uttarakhand,STP co-treatment,7,"Indira Nagar, Dehradun",5 MLD,5,MLD,SBR,SBR chamber followed by chlorination; Centrifugation of sediment to separate solid sludge,Chlorination,,,,,TRUE
uk-jagjeetpur-i,Jagjeetpur-I,Uttarakhand,STP co-treatment,8,"Jagjeetpur, Haridwar",68 MLD,68,MLD,SBR,SBR chamber followed by chlorination; Centrifugation of sediment to separate solid sludge,Chlorination,,,,,TRUE
uk-jagjeetpur-ii,Jagjeetpur-II,Uttarakhand,STP co-treatment,9,"Jagjeetpur, Haridwar",27 MLD,27,MLD,SBR,SBR chamber followed by chlorination; Centrifugation of sediment to separate solid sludge,Dual medial filter & chlorination,,,,,TRUE
uk-jagjeetpur-iii,Jagjeetpur-III,Uttarakhand,STP co-treatment,10,"Jagjeetpur, Haridwar",18 MLD,18,MLD,ASP,ASP followed by Secondary Settling Tank and finally chlorination; solid sludge treated trough sludge digester &sludge drying bed,Chlorination,,,,,TRUE
uk-sarai-i,Sarai-I,Uttarakhand,STP co-treatment,11,"Sarai, Haridwar",18 MLD,18,MLD,SBR,SBR chamber followed by chlorination; Centrifugation of sediment to separate solid sludge,Chlorination,,,,,TRUE
uk-sarai-ii,Sarai-II,Uttarakhand,STP co-treatment,12,"Sarai, Haridwar",14 MLD,14,MLD,SBR,SBR chamber followed by chlorination; Centrifugation of sediment to separate solid sludge,Chlorination,,,,,TRUE
