plant_id,state,plant,sample_type,units_as_printed,ph,ts_mgl,tds_mgl,tss_mgl,cod_mgl,bod_mgl,tkn_mgl,ammoniacal_nitrogen_mgl,total_phosphate_mgl,faecal_coliform_mpn_100ml
tg-boduppal,Telangana,Boduppal,FS,ppm,7.1,11085,3020,8065,12750,2550,817.3,342.2,222,430000
tg-boduppal,Telangana,Boduppal,Inlet,ppm,8,2792.7,2600,609.3,636,135,197.6,149.2,9.3,421000
tg-boduppal,Telangana,Boduppal,Outlet,ppm,8.2,725,691.3,33.7,57.3,13.3,17.2,8.6,1.1,14
tg-bongir,Telangana,Bongir,FS,ppm,7.1,9569,1970,7599,9400,1880,394,121.1,134,9300
tg-bongir,Telangana,Bongir,Inlet,ppm,8.2,1791,1673.3,117.7,226,49.3,175.9,146.1,6.2,1116.7
tg-bongir,Telangana,Bongir,Outlet,ppm,8.6,1265,1195,70,49,11,6.8,2.1,0.5,29
tg-kamareddy,Telangana,Kamareddy,FS,ppm,7.9,30377.7,1864,28513.7,41766.7,11328.3,1243.6,295.6,206,886666.7
tg-kamareddy,Telangana,Kamareddy,Inlet,ppm,7.7,1917.7,1403,514.7,1713,350.7,161,114,10.7,33776.7
tg-kamareddy,Telangana,Kamareddy,Outlet,ppm,7.3,1003.7,862.7,151,40.3,11,6,1.9,0.7,34
tg-khajaguda,Telangana,Khajaguda,FS,ppm,,,,,,,,,,
tg-khajaguda,Telangana,Khajaguda,Inlet,ppm,6.8,1127,1050.5,76.5,1369.5,278.5,59.5,38.5,5.5,835000
tg-khajaguda,Telangana,Khajaguda,Outlet,ppm,7.2,912,864.5,47.5,88,20.5,32.8,26.3,4.4,125500
tg-nalgonda,Telangana,Nalgonda,FS,ppm,7.8,48883.5,1575,47308,48905,12643.5,748.1,144.1,106.5,1365000
tg-nalgonda,Telangana,Nalgonda,Inlet,ppm,7.5,31888.3,2090,29798.3,1441,227.3,418.4,47.3,8.6,15716.7
tg-nalgonda,Telangana,Nalgonda,Outlet,ppm,8.2,2120,1936.7,183.3,41,10.7,9.3,2.3,0.9,20
tg-nanakramguda,Telangana,Nanakamguda,FS,ppm,6.7,4846.5,1251,3595.5,4553,921,95,29.7,15.3,120018
tg-nanakramguda,Telangana,Nanakamguda,Inlet,ppm,7.6,1081.7,966.3,115.3,1242.7,259,43.6,27.7,4.4,530000
tg-nanakramguda,Telangana,Nanakamguda,Outlet,ppm,8,879,780.7,75,74.7,21.3,26.1,9.6,3,37434.3
tg-nirmal,Telangana,Nirmal,FS,ppm,7.4,22000,1800,20200,54350,8750,914.3,104.6,190,110000
tg-nirmal,Telangana,Nirmal,Inlet,ppm,7.2,1464.5,1270,194.5,103,23,57.7,37.1,5.1,2150
tg-nirmal,Telangana,Nirmal,Outlet,ppm,7.6,1352,1255,97,27,7.5,10,2.2,4.6,235
tg-shadnagar,Telangana,Shandnagar,FS,ppm,,,,,,,,,,
tg-shadnagar,Telangana,Shandnagar,Inlet,ppm,8.2,1325.3,1220,105.3,1305.3,290.7,154.7,106.8,6.1,976.7
tg-shadnagar,Telangana,Shandnagar,Outlet,ppm,8.1,893,840.7,52.3,54.7,13,10.9,2.2,0.8,46
tg-siddipet,Telangana,Siddipet,FS,ppm,8.9,52923,1250,51683,67400,17594,1134.8,216.6,328,11000000
tg-siddipet,Telangana,Siddipet,Inlet,ppm,8,2036.3,1450,586.3,1829.7,380,353.2,275.9,16.8,67410
tg-siddipet,Telangana,Siddipet,Outlet,ppm,6.8,1602.3,1276.7,325.7,24.3,6.3,16.4,2,0.1,13
tg-sircilla,Telangana,Sircilla,FS,ppm,7.9,25261,1830,23431,75375,17115.5,946.7,155.5,162,1570000
tg-sircilla,Telangana,Sircilla,Inlet,ppm,7.9,1703.3,1218.7,486,303.3,64.3,74.8,48.2,5,620100
tg-sircilla,Telangana,Sircilla,Outlet,ppm,7.8,1001,936,65,124.7,24,40.3,27.1,3.7,631
tg-uppal,Telangana,Uppal,FS,ppm,7.5,2644,2000,644,3410,420,129.4,99.4,8.2,380000
tg-uppal,Telangana,Uppal,Inlet,ppm,8.4,1925,1686.7,238.3,181.3,46.7,115,94.9,4.3,32766.7
tg-uppal,Telangana,Uppal,Outlet,ppm,7.7,1891,1826.7,64.3,82,14.3,6.3,3,2.1,55
tg-warangal,Telangana,Warangal,FS,ppm,8,27755.5,1965,25790.5,65950,10691,1417.1,263.5,214,6700000
tg-warangal,Telangana,Warangal,Inlet,ppm,8,923.7,816.7,107,351.3,76,219.1,185.2,8.7,849766.7
tg-warangal,Telangana,Warangal,Outlet,ppm,8.3,837.3,800,36.7,46,11.3,28.3,18.9,2.5,13
tn-ukkadam,Tamil Nadu,"Ukkadam, Coimbatore",FS,ppm,7.7,2461.7,1756.7,705,30090,6911.7,240.3,114.3,35.3,403333.3
tn-ukkadam,Tamil Nadu,"Ukkadam, Coimbatore",Inlet,ppm,7.6,1348.3,1042,306.3,768.7,186,58,38.7,6.98,580000
tn-ukkadam,Tamil Nadu,"Ukkadam, Coimbatore",Outlet,ppm,8.1,805.7,768,37.7,82,23.3,17.6,12.9,1.9,4476.7
tn-periyanaickenpalayam,Tamil Nadu,Periyanaicken-palayam,FS,ppm,7.9,3402,1910,1492,31000,8859,173.46,132.43,23,150000
tn-periyanaickenpalayam,Tamil Nadu,Periyanaicken-palayam,Inlet,ppm,8.3,1684.3,1413.3,271,254.7,64,180.4,149.5,9.5,382143.3
tn-periyanaickenpalayam,Tamil Nadu,Periyanaicken-palayam,Outlet,ppm,8.6,1465,1368.3,96.7,163.3,37.3,143.5,120.8,9.1,1330
tn-erode,Tamil Nadu,Erode,FS,ppm,8,12093.67,1189.7,10910.67,33043.33,7285,586.6,102.9,98.5,620800
tn-erode,Tamil Nadu,Erode,Inlet,ppm,7.9,1076,857.7,218.3,301.3,75.7,38.2,26.01,4.3,53000
tn-erode,Tamil Nadu,Erode,Outlet,ppm,8.3,823,742.3,80.7,53.3,13.7,4.2,3.2,1.8,886.7
tn-thuraiyur,Tamil Nadu,"Thuraiyur, Trichy",FS,ppm,5.01,4783,2570,2213,37900,9828,211.7,100.03,45,30
tn-thuraiyur,Tamil Nadu,"Thuraiyur, Trichy",Inlet,ppm,8.6,2099,1870,229,334,82,233.9,195.7,8.6,4606.7
tn-thuraiyur,Tamil Nadu,"Thuraiyur, Trichy",Outlet,ppm,10.2,1023.3,913.7,109.7,58.3,15,4.6,3.1,0.3,30
tn-trichy,Tamil Nadu,"Panjapur, Trichy",FS,ppm,8,4059,1753.3,2305.7,25473.33,6715,183.3,107.8,56,2176666.7
tn-trichy,Tamil Nadu,"Panjapur, Trichy",Inlet,ppm,7.8,970,842.3,127.7,337.3,83.7,44.7,30.2,5.3,29866.7
tn-trichy,Tamil Nadu,"Panjapur, Trichy",Outlet,ppm,8.1,865,831.7,33.3,74.3,19.3,25.09,22.07,4.9,1710
tn-madurai,Tamil Nadu,"Avanipuram, Madurai",FS,ppm,,,,,,,,,,
tn-madurai,Tamil Nadu,"Avanipuram, Madurai",Inlet,ppm,7.6,1274.3,1013.3,261,732,175,59.7,38.4,5.7,907666.7
tn-madurai,Tamil Nadu,"Avanipuram, Madurai",Outlet,ppm,8.3,917,878.3,38.7,69.3,17.3,32.4,25.3,1.7,1193.3
tn-thirumangalam,Tamil Nadu,"Thiruma-ngalam, Madurai",FS,ppm,7.6,6596,1955,4141,36225,7382,442.5,207.8,54,226500
tn-thirumangalam,Tamil Nadu,"Thiruma-ngalam, Madurai",Inlet,ppm,280.6,1912,1713.3,198.7,204,49.3,66.6,54.8,5.8,530
tn-thirumangalam,Tamil Nadu,"Thiruma-ngalam, Madurai",Outlet,ppm,8.7,1276,1220.3,55.7,66.3,16.3,3,1.2,2.6,14
tn-vickramasingapuram,Tamil Nadu,Vickramasin-gapuram,FS,ppm,7.58,83389,1600,81789,95600,28357,2925.3,331.4,200,43000
tn-vickramasingapuram,Tamil Nadu,Vickramasin-gapuram,Inlet,ppm,8.13,986.7,948.7,71.3,338,66.3,70.4,53.2,10.3,11966.7
tn-vickramasingapuram,Tamil Nadu,Vickramasin-gapuram,Outlet,ppm,9.2,485.7,453.3,32.3,54.7,14.7,11.4,8,1.6,251
tn-shenkottai,Tamil Nadu,Sengottai,FS,ppm,,,,,,,,,,
tn-shenkottai,Tamil Nadu,Sengottai,Inlet,ppm,8.4,1232,1023.3,208.7,252,63.3,139.7,112.5,8.8,56333.3
tn-shenkottai,Tamil Nadu,Sengottai,Outlet,ppm,8.9,1100.7,967,133.7,172,42.7,23.9,12.3,4.7,296
od-puri,Odisha,Puri,FS,mg/L,7.2,29717,1231.7,28485.3,20636.7,3730,1488.8,292.1,209.77,670000
od-puri,Odisha,Puri,Inlet,mg/L,7.5,1050,894,156,190.7,54,78.4,64.5,10.97,80077
od-puri,Odisha,Puri,Outlet,mg/L,7.2,842,710,132,90,23.9,29.3,19.5,4.7,177
od-balasore,Odisha,Balasore,FS,mg/L,6.8,57619.3,1087,56532.3,74900,4655,2195.3,362.6,255,21100000
od-balasore,Odisha,Balasore,Inlet,mg/L,7.5,3090.3,1226.7,1863.7,1695,188.5,281.8,209.1,37.03,1616667
od-balasore,Odisha,Balasore,Outlet,mg/L,7.5,768.7,713.3,55.3,146.3,50,63,37,0.87,72
od-baripada,Odisha,Baripada,FS,mg/L,7.3,46736.3,1656.7,45079.7,57880,6230,1715.8,350.8,480.4,38103100
od-baripada,Odisha,Baripada,Inlet,mg/L,7.7,2508,1363.3,1144.7,1758.7,238,202.3,156.9,28.4,304333
od-baripada,Odisha,Baripada,Outlet,mg/L,7.6,1204.3,1060,144.3,367.3,90,101.3,81,18.33,5838
od-bhubaneswar,Odisha,Bhubaneswar,FS,mg/L,7.3,7817,1006,6811,20524,3760,467.9,149.9,71.75,141500
od-bhubaneswar,Odisha,Bhubaneswar,Inlet,mg/L,7.3,2053,1080,973,458,83.5,156.1,136.3,23,276500
od-bhubaneswar,Odisha,Bhubaneswar,Outlet,mg/L,7.1,918.5,712,206.5,74.5,25.7,56,45.7,10.2,314
od-dhenkanal,Odisha,Dhenkanal,FS,mg/L,7.4,4485,1440,3045,3103.5,299,369.5,175.3,30.3,1380000
od-dhenkanal,Odisha,Dhenkanal,Inlet,mg/L,7.6,1994,1268,726,114.5,57,186.1,43.4,14.55,230046
od-dhenkanal,Odisha,Dhenkanal,Outlet,mg/L,7.7,1187.5,899.5,288,56,14,35.9,7.9,8.65,61
od-berhampur,Odisha,Berhampur,FS,mg/L,7.3,46486,1273.3,45212.7,54631.7,2018,1564.4,273,384.03,5200000
od-berhampur,Odisha,Berhampur,Inlet,mg/L,7.7,2225,1613.3,611.7,780,217.7,241.2,188.7,23.67,784067
od-berhampur,Odisha,Berhampur,Outlet,mg/L,7.7,760.7,583.3,177.3,153.3,27.6,43.5,28.3,5.37,300
od-angul,Odisha,Angul,FS,mg/L,6.9,30658,1446.7,29211.3,61533.3,6312.7,1510.7,302.8,272,1250000
od-angul,Odisha,Angul,Inlet,mg/L,8,2290.7,1540,750.7,322.7,67.3,131.2,104.8,14.7,142000
od-angul,Odisha,Angul,Outlet,mg/L,7.6,1274.7,1160,114.7,162,26.7,41.4,32.4,8.2,16947
od-sambalpur,Odisha,Sambalpur,FS,mg/L,7.4,31578,1698.3,29879.7,41561.7,6565,1667,235.6,149.07,8300000
od-sambalpur,Odisha,Sambalpur,Inlet,mg/L,7.8,1562,1160,402,151.3,21,167.5,112.6,13.77,98667
od-sambalpur,Odisha,Sambalpur,Outlet,mg/L,7.8,330.7,208.7,122,76.3,14.1,17.1,3.9,0.7,9
od-rourkela,Odisha,Rourkela,FS,mg/L,7.4,37469.3,1659.3,35810,42176.7,5635,1619,295.8,192.43,545333
od-rourkela,Odisha,Rourkela,Inlet,mg/L,8,1824,1463.3,360.7,287.3,41,221.6,150.6,16.03,23100
od-rourkela,Odisha,Rourkela,Outlet,mg/L,7.7,389,312.3,76.7,89.3,18.2,22.7,6,0.77,5
od-asika,Odisha,Asika,FS,mg/L,,,,,,,,,,
od-asika,Odisha,Asika,Inlet,mg/L,6.92,1049.3,823,226.3,350.7,114.2,80.4,70.6,6.3,8023.3
od-asika,Odisha,Asika,Outlet,mg/L,6.55,426.7,336.7,90,17,6.1,5.6,1.6,0.1,30
od-bhadrak,Odisha,Bhadrak,FS,mg/L,6.88,11836,1370,10466,52625,10474.8,995.2,266.5,175,1275000
od-bhadrak,Odisha,Bhadrak,Inlet,mg/L,7.79,1277,1073.3,203.7,643.3,191.1,282.4,232.3,14.9,52200
od-bhadrak,Odisha,Bhadrak,Outlet,mg/L,8.07,751.7,668,83.7,105,32.1,22.1,13.9,1.1,32
od-chodwar,Odisha,Chodwar,FS,mg/L,6.94,4089,1180,2909,6040,1518,355.7,184.2,58,430000
od-chodwar,Odisha,Chodwar,Inlet,mg/L,6.95,1284.3,1090,194.3,190.7,56.2,166.1,149.6,11.4,39433.3
od-chodwar,Odisha,Chodwar,Outlet,mg/L,8.32,1049.7,996,45.7,43,13.5,12.1,2.7,1,30
od-jagatsinghpur,Odisha,Jagatsinghpur,FS,mg/L,7.2,905,910,1350,21740,6427.5,174.9,121.6,22.7,2515000
od-jagatsinghpur,Odisha,Jagatsinghpur,Inlet,mg/L,6.93,8871.3,997,2444.3,1168.7,370.7,259,148.6,16,4176666.7
od-jagatsinghpur,Odisha,Jagatsinghpur,Outlet,mg/L,7.32,343.3,294.3,49,24.7,7.5,11.9,8.9,1.2,320
od-jatni,Odisha,Jatni,FS,mg/L,,,,,,,,,,
od-jatni,Odisha,Jatni,Inlet,mg/L,7.38,890,739,181.3,342,101.1,117.8,95.1,13.4,162100
od-jatni,Odisha,Jatni,Outlet,mg/L,6.98,599.3,553,46.3,91.3,28.5,28.2,17.6,4.4,32
od-khordha,Odisha,Khordha,FS,mg/L,6.91,9627,1640,7987,43700,13003,667.4,247.3,86,930000
od-khordha,Odisha,Khordha,Inlet,mg/L,7.23,1022.7,913.3,109.3,400.7,119.5,148.2,117.9,11.8,368130.7
od-khordha,Odisha,Khordha,Outlet,mg/L,6.63,652,607.7,44.3,65.7,20.6,24.6,13.5,2.2,200
od-nimapada,Odisha,Nimapada,FS,mg/L,,,,,,,,,,
od-nimapada,Odisha,Nimapada,Inlet,mg/L,6.84,559,472,87,63,17.5,11.2,4.5,1.9,23180
od-nimapada,Odisha,Nimapada,Outlet,mg/L,8.04,478.5,444,33,31.5,9,3.7,1.4,0.1,30
od-paralakhemundi,Odisha,Paralakhe-mundi,FS,mg/L,7.42,11064,1880,9184,3290,827,761.5,252.4,112,230000
od-paralakhemundi,Odisha,Paralakhe-mundi,Inlet,mg/L,7.35,5378,1245,4133,798.5,210,323,125.5,31.5,2950
od-paralakhemundi,Odisha,Paralakhe-mundi,Outlet,mg/L,7.12,305.5,236,69.5,36,10.5,15.6,1.9,0.5,33
rj-phulera,Rajasthan,Phulera,FS,ppm,7.5,43536.6,2422.3,40673,52434.4,5083,2137.8,525.9,194.5,2580000
rj-phulera,Rajasthan,Phulera,Inlet,ppm,8.1,2010,1719,291.2,373.2,78.6,93.9,62.8,6.9,369.2
rj-phulera,Rajasthan,Phulera,Outlet,ppm,8.5,1549,1427.6,121.4,148.2,23.2,36.7,9.1,4.1,177
rj-lalsot,Rajasthan,Lalsot,FS,ppm,7.2,48796.5,4136.7,32555,67837.5,6928,2589.1,855.6,501.4,3018250
rj-lalsot,Rajasthan,Lalsot,Inlet,ppm,8,1956.6,1744.2,212.4,368,67.6,228.1,136.9,10.1,20306
rj-lalsot,Rajasthan,Lalsot,Outlet,ppm,8,1572.6,1472,100.6,121,19.4,119.5,80.1,3.4,622
rj-khandela,Rajasthan,Khandela,FS,ppm,7.3,22472,3486.7,20219,54475,5323.8,2122.9,602.3,164.3,6175750
rj-khandela,Rajasthan,Khandela,Inlet,ppm,8.1,1952.4,1694.4,258,324,65.6,121.7,66.5,5.7,8624.4
rj-khandela,Rajasthan,Khandela,Outlet,ppm,9.1,1563,1393.4,169.6,124.2,22.4,56.5,16.6,2.8,35
up-modinagar,Uttar Pradesh,Modinagar,FS,mg/L,7,58892,2740,56152,101700,18340,1928.6,848.1,664,46000000
up-modinagar,Uttar Pradesh,Modinagar,Inlet,mg/L,8,967.5,890,77.5,157,39.5,121.3,100.8,6,13000
up-modinagar,Uttar Pradesh,Modinagar,Outlet,mg/L,8.2,759,733,26,44.5,11.5,60.7,48.8,4.8,30
up-loni,Uttar Pradesh,Loni,FS,mg/L,7.8,15245,2870,12375,64700,10462.8,1079,443.4,303,2154600
up-loni,Uttar Pradesh,Loni,Inlet,mg/L,8.1,2761.5,2240,521.5,558,121.5,307.2,142,8.4,118750
up-loni,Uttar Pradesh,Loni,Outlet,mg/L,7.9,1403.5,1300,103.5,231,47.5,79.4,21.3,5.3,765
up-jhansi-12-kld,Uttar Pradesh,Jhansi I (12KLD),FS,mg/L,7.8,37347,1670,35677,75166.7,9774.5,1200.5,309.4,311.3,5114333
up-jhansi-12-kld,Uttar Pradesh,Jhansi I (12KLD),Inlet,mg/L,7.9,1513.3,1004,509.3,185.3,46.9,35.6,22.7,4.6,480000
up-jhansi-12-kld,Uttar Pradesh,Jhansi I (12KLD),Outlet,mg/L,8.5,788,624.7,163.3,75.3,19.7,15.7,4.3,0.9,2165
up-amethi,Uttar Pradesh,Amethi,FS,mg/L,7.8,9075,2755,6320,8500,1576.2,757.8,336.3,56.6,2300750
up-amethi,Uttar Pradesh,Amethi,Inlet,mg/L,7.7,1809,1434.5,374.5,151,42.4,35.6,27.8,7,33500
up-amethi,Uttar Pradesh,Amethi,Outlet,mg/L,8.2,1391,1295,96,107,30.1,15.1,6.7,5.3,2400
up-bijnor,Uttar Pradesh,Bijnor,FS (truck),mg/L,8.2,47684,3040,44644,79750,11574.7,767,102.9,534,230000
up-bijnor,Uttar Pradesh,Bijnor,FS (Equ. tank),mg/L,7.8,64888,1780,63108,100450,14579.1,897,62.7,660,4300000
up-bijnor,Uttar Pradesh,Bijnor,Inlet (Leachate),mg/L,7.8,2846,1910,936,338,82.4,11.2,4.2,9.4,210000
up-bijnor,Uttar Pradesh,Bijnor,Inlet (STP+ FSTP),mg/L,7.9,1031,811,220,164,40,16.2,3.3,3.5,2300000
up-bijnor,Uttar Pradesh,Bijnor,Outlet,mg/L,8.4,509,484,25,64,15.6,11.5,4.2,3.3,30
up-unnao,Uttar Pradesh,Unnao,FS,mg/L,7.4,63807.2,1890,57489,164500,10960,2211.8,441.3,509.4,304080
up-unnao,Uttar Pradesh,Unnao,Inlet,mg/L,7.7,2980.8,1249,1731.8,486.8,88.8,175.1,111,27.7,2603
up-unnao,Uttar Pradesh,Unnao,ABR outlet,mg/L,7.9,1285,1067.8,217.2,132.8,28,64.4,55.3,7.5,1196
up-unnao,Uttar Pradesh,Unnao,Outlet,mg/L,8,1126.4,1057.2,69.2,53.6,8.4,30.1,25.4,4.6,69
up-bharwara,Uttar Pradesh,Bharwara,FS,mg/L,7.5,55077,1490,62654.5,74000,3786.6,2296.8,499,292.8,1952000
up-bharwara,Uttar Pradesh,Bharwara,Co-treated wastewater,mg/L,7.2,750.2,563.4,186.8,336.4,104.8,89.5,42.4,6,2808600
up-bharwara,Uttar Pradesh,Bharwara,Inlet STP,mg/L,7.6,672.8,558,114.8,253,61.8,76.7,37.6,5.6,957000
up-bharwara,Uttar Pradesh,Bharwara,UASB Outlet,mg/L,7.7,556.6,487,68.8,120.2,32.4,62.1,33.1,3.3,287200
up-bharwara,Uttar Pradesh,Bharwara,Outlet Before chlorination,mg/L,7.6,569.6,519.2,50.4,78.6,18.2,35.2,27.7,2.8,71800
up-bharwara,Uttar Pradesh,Bharwara,Outlet After chlorination,mg/L,7.82,553.8,506.8,47,78.4,12.44,33.348,26.12,2.688,54600
up-jhansi-6-kld,Uttar Pradesh,Jhansi II (6KLD),FS,mg/L,7.3,33240.7,2090,15400,42919.4,1870.7,1163,233.8,179,20686667
up-jhansi-6-kld,Uttar Pradesh,Jhansi II (6KLD),ABR Inlet,mg/L,7.3,2240,1413.6,826.4,279.3,40.7,38.3,29.6,6.6,3748444
up-jhansi-6-kld,Uttar Pradesh,Jhansi II (6KLD),Outlet,mg/L,7.7,1751.6,1235.2,518.2,144.4,16.7,10.3,5.5,2.8,16593
up-chunar,Uttar Pradesh,Chunar,FS,mg/L,7.1,79352,1984,77368,95366.7,11286.3,1691.5,293.1,246.4,4866667
up-chunar,Uttar Pradesh,Chunar,Inlet,mg/L,7.7,1306,1174,132,90.7,29,79.3,67.7,3.8,31100
up-chunar,Uttar Pradesh,Chunar,Outlet,mg/L,7.4,1189.3,1112.3,77,59.7,14.7,21.8,14,1.3,3820
up-bingawan,Uttar Pradesh,Bingawan STP,FS,mg/L,7.4,27580,2635,35894,27148.7,2648.3,1169.7,389.1,110.3,3171000
up-bingawan,Uttar Pradesh,Bingawan STP,Inlet,mg/L,7,1183.7,782.3,401.3,494.7,130,86.4,45,7.7,165333
up-bingawan,Uttar Pradesh,Bingawan STP,Outlet,mg/L,7.7,771.3,679.3,92,93.7,13.2,41.6,32.8,4.7,100666.7
cg-patora,Chhattisgarh,Patora,FS,ppm,8,82593,2080,80513,79475,16916.5,2135.9,381.4,470,2765000
cg-patora,Chhattisgarh,Patora,Inlet,ppm,7.9,1359,1180,179,220.7,53,137.1,116.7,6.8,5906.7
cg-patora,Chhattisgarh,Patora,Outlet,ppm,8.4,780.7,738.7,42,89,22,29.5,20.2,1.4,117.3
cg-kumhari,Chhattisgarh,Kumhari,FS,ppm,7.4,18614.5,810,17804.5,35542.5,8266.5,923.2,68.3,103.5,5965000
cg-kumhari,Chhattisgarh,Kumhari,Inlet,ppm,7.5,1024.7,799,225.7,146.7,35.7,51.4,41.6,3.1,19233.3
cg-kumhari,Chhattisgarh,Kumhari,Outlet,ppm,8.2,714.3,645,69.3,68.7,17,12.7,7.2,0.2,2310
mp-kalibillod,Madhya Pradesh,"Kalibillod, Indore",Inlet,ppm,8.2,6660.7,2809.3,2528.3,304,69.3,22.6,13.3,2.6,77066.7
mp-kalibillod,Madhya Pradesh,"Kalibillod, Indore",Outlet,ppm,8,2960.3,1852.7,1107.7,119,27.7,8.5,2.1,0.9,4026.7
mp-ojus,Madhya Pradesh,Ojus,Inlet,ppm,6.7,746.5,549.5,197,350,103.9,44.5,32.2,6.4,596500
mp-ojus,Madhya Pradesh,Ojus,Outlet,ppm,7.1,490,456,34,19.5,6.5,7.3,1.8,0.115,233
mp-elanza,Madhya Pradesh,Elanza,Inlet,ppm,6.7,1714.5,858.5,855,721,202.3,90.5,64.5,14.8,1665000
mp-elanza,Madhya Pradesh,Elanza,Outlet,ppm,7.2,745,676,69,38.5,11.5,11.5,4.1,1,14300
mp-st-alosius,Madhya Pradesh,St.Alosius,Inlet,ppm,7.2,1077.5,770,307.5,144,41.5,36.5,26.8,3.6,21715
mp-st-alosius,Madhya Pradesh,St.Alosius,Outlet,ppm,7.7,915.5,810.5,105,28,8.6,10.1,1.7,3.3,133
uk-lakkarghat,Uttarakhand,Lakkarghat,Inlet,mg/L,7.3,682.3,465.3,217,520,79.2,58.8,24.3,7,847333
uk-lakkarghat,Uttarakhand,Lakkarghat,Outlet,mg/L,7.8,455.3,389.7,65.7,48,7.5,20.6,9,0.7,561
uk-chorpani,Uttarakhand,Chorpani,Inlet,mg/L,7.2,869,567.7,301.3,697.7,130,61.8,42.8,8.6,1516667
uk-chorpani,Uttarakhand,Chorpani,Outlet,mg/L,7.5,580,506.7,73.3,77.7,11.9,30.2,24.6,4.2,374433
uk-chandreswar,Uttarakhand,Chandreswar,Inlet,mg/L,7.3,493.7,349,144.7,297.7,59.7,19.6,9.7,2.3,1611433
uk-chandreswar,Uttarakhand,Chandreswar,Outlet,mg/L,7.6,359.3,303.7,55.7,46.3,7,3.3,1.2,0.5,11933
uk-tapovan,Uttarakhand,Tapovan,Inlet,mg/L,7.1,1169,783.7,385.3,749.7,194.3,48.2,35.3,8.1,713333
uk-tapovan,Uttarakhand,Tapovan,Outlet,mg/L,7.8,587.7,474.3,113.3,78,3.8,5.5,1.4,1.6,5767
uk-mothrowala-i,Uttarakhand,Mothrowala-I (20),Inlet,mg/L,7.3,707.7,544.3,163.3,390.7,59.5,35.6,24.2,5.3,16410000
uk-mothrowala-i,Uttarakhand,Mothrowala-I (20),Outlet,mg/L,7.9,520.7,432,88.7,39.7,4.3,9.9,4.5,1.3,25833
uk-mothrowala-ii,Uttarakhand,Mothrowala-II (20),Inlet,mg/L,7.4,638.3,502,136.3,299,59.9,31.9,22.8,4.6,23383333
uk-mothrowala-ii,Uttarakhand,Mothrowala-II (20),Outlet,mg/L,7.6,512,428.3,83.7,57.3,13.3,3.7,1.9,2.3,3151
uk-indira-nagar,Uttarakhand,Indira Nagar,Inlet,mg/L,7.4,677,527.7,149.3,405.3,71.2,32.4,23,4.3,38866667
uk-indira-nagar,Uttarakhand,Indira Nagar,Outlet,mg/L,7.8,583.3,518,65.3,30.3,7.9,14.5,12.6,1,36678
uk-jagjeetpur-i,Uttarakhand,Jagjeetpur-I (68),Inlet,mg/L,7.3,619.5,398,221.5,368.5,103.5,22,14.7,3.6,680000
uk-jagjeetpur-i,Uttarakhand,Jagjeetpur-I (68),Outlet,mg/L,7.7,382,328.5,53.5,23.5,3.8,4.2,3.2,0.3,117
uk-jagjeetpur-ii,Uttarakhand,Jagjeetpur-II (27),Inlet,mg/L,7.2,557,392.5,164.5,425,90,24.8,18.5,4.5,2115000
uk-jagjeetpur-ii,Uttarakhand,Jagjeetpur-II (27),Outlet,mg/L,7.8,383,323,60,103,13,5,2.3,1.1,16
uk-jagjeetpur-iii,Uttarakhand,Jagjeetpur-III (18),Inlet,mg/L,7.3,573.5,389.5,184,320,93.5,29.7,18.8,4.6,4765000
uk-jagjeetpur-iii,Uttarakhand,Jagjeetpur-III (18),Outlet,mg/L,7.7,419.5,363,56.5,37.5,10,2.7,1.6,2.9,2302
uk-sarai-i,Uttarakhand,Sarai-I (18),Inlet,mg/L,7.2,805,495.5,309.5,606,108,49,23.6,6.2,4765000
uk-sarai-i,Uttarakhand,Sarai-I (18),Outlet,mg/L,7.9,503,415,88,62.5,12,2.8,1.5,0.9,13
uk-sarai-ii,Uttarakhand,Sarai-II (14),Inlet,mg/L,7.2,870.5,511.5,359,638,149.5,49.6,24.4,7.2,1350000
uk-sarai-ii,Uttarakhand,Sarai-II (14),Outlet,mg/L,7.3,516,470.5,45.5,86,19,22.3,17.6,2.5,460000
