plant,state,plant_type,technology,bod_summary_mgl,bod_annex_mgl,note
Siddipet,Telangana,FSTP,DEWATS,6.3,6.3,
Sircilla,Telangana,FSTP,DEWATS,24,24,
Thirumangalam,Tamil Nadu,FSTP,DEWATS,16.3,16.3,
Thuraiyur,Tamil Nadu,FSTP,DEWATS,15,15,
Vickramasingapuram,Tamil Nadu,FSTP,DEWATS,14.7,14.7,
Shenkottai,Tamil Nadu,FSTP,DEWATS,42.7,42.7,
Jhansi 12 KLD,Uttar Pradesh,FSTP,DEWATS,20,19.7,
Jhansi 6 KLD,Uttar Pradesh,FSTP,DEWATS,16.7,16.7,
Unnao,Uttar Pradesh,FSTP,DEWATS,8.4,8.4,
Chunar,Uttar Pradesh,FSTP,DEWATS,20,14.7,
Amethi,Uttar Pradesh,FSTP,DEWATS,48.3,30.1,Single sampling round; Graph 4 and the Uttar Pradesh chapter give 30.1 mg/L
Phulera,Rajasthan,FSTP,DEWATS,23.2,23.2,
Lalsot,Rajasthan,FSTP,DEWATS,19.4,19.4,
Khandela,Rajasthan,FSTP,DEWATS,22.4,22.4,
Balasore,Odisha,FSTP,DEWATS,50,50,
Baripada,Odisha,FSTP,DEWATS,90,90,
Bhubaneswar,Odisha,FSTP,DEWATS,25.7,25.7,
Dhenkanal,Odisha,FSTP,DEWATS,30.6,14,Graph 4 and Table 12 give 30.6 mg/L; the Odisha chapter (Graph 32) gives 14.0 mg/L
Berhampur,Odisha,FSTP,DEWATS,27.6,27.6,
Angul,Odisha,FSTP,DEWATS,26.7,26.7,
Sambalpur,Odisha,FSTP,DEWATS,14.1,14.1,
Rourkela,Odisha,FSTP,DEWATS,18.2,18.2,
Asika,Odisha,FSTP,DEWATS,6.1,6.1,
Bhadrak,Odisha,FSTP,DEWATS,32.1,32.1,
Chodwar,Odisha,FSTP,DEWATS,13.5,13.5,
Jagatsinghpur,Odisha,FSTP,DEWATS,7.5,7.5,
Jatni,Odisha,FSTP,DEWATS,28.5,28.5,
Khordha,Odisha,FSTP,DEWATS,20.6,20.6,
Nimapada,Odisha,FSTP,DEWATS,9,9,
Paralakhemundi,Odisha,FSTP,DEWATS,10.5,10.5,
Patora,Chhattisgarh,FSTP,DEWATS,22,22,
Kumhari,Chhattisgarh,FSTP,DEWATS,17,17,
Kalibillod,Madhya Pradesh,FSTP,DEWATS,27.7,27.7,
Kamareddy,Telangana,FSTP,MBBR,11,11,
Nirmal,Telangana,FSTP,MBBR,7.5,7.5,
Uppal,Telangana,FSTP,MBBR,14.33,14.3,
Periyanaickenpalayam,Tamil Nadu,FSTP,MBBR,37.3,37.3,
Loni,Uttar Pradesh,FSTP,MBBR,48,47.5,
Modinagar,Uttar Pradesh,FSTP,MBBR,11,11.5,Listed as hyper core (lamella) pilot plant in Table 5; grouped with MBBR in Table 9
Boduppal,Telangana,FSTP,Geotube,13.33,13.3,
Bongir,Telangana,FSTP,Geotube,11,11,
Shadnagar,Telangana,FSTP,Geotube,13,13,
Ojus,Madhya Pradesh,FSTP,Mizuchi,6.5,6.5,
Elanza,Madhya Pradesh,FSTP,Mizuchi,11.5,11.5,
St. Alosius,Madhya Pradesh,FSTP,Mizuchi,8.6,8.6,
Nalgonda,Telangana,FSTP,Electrocoagulation,10.67,10.7,
Warangal,Telangana,FSTP,Packaged STP with pyrolysis,11.33,11.3,
Lakkarghat,Uttarakhand,STP co-treatment,SBR,7.5,7.5,
Tapovan,Uttarakhand,STP co-treatment,SBR,2.8,3.8,
Mothrowala-I,Uttarakhand,STP co-treatment,SBR,4.3,4.3,
Mothrowala-II,Uttarakhand,STP co-treatment,SBR,13.3,13.3,
Indira Nagar,Uttarakhand,STP co-treatment,SBR,7.9,7.9,
Jagjeetpur-I,Uttarakhand,STP co-treatment,SBR,3.8,3.8,
Jagjeetpur-II,Uttarakhand,STP co-treatment,SBR,13,13,
Sarai-I,Uttarakhand,STP co-treatment,SBR,12,12,
Sarai-II,Uttarakhand,STP co-treatment,SBR,19,19,
Madurai,Tamil Nadu,STP co-treatment,SBR,17.3,17.3,Avanipuram STP in Annexure II
Ukkadam,Tamil Nadu,STP co-treatment,SBR,23.3,23.3,
Erode,Tamil Nadu,STP co-treatment,MBBR,13.7,13.7,
Khajaguda,Telangana,STP co-treatment,MBBR,20.5,20.5,Metro city (Hyderabad); above the 20 mg/L metro limit
Nanakramguda,Telangana,STP co-treatment,MBBR,21.33,21.3,Metro city (Hyderabad); above the 20 mg/L metro limit
Chorpani,Uttarakhand,STP co-treatment,MBBR,11.9,11.9,
Chandreswar,Uttarakhand,STP co-treatment,MBBR,7,7,
Bingawan,Uttar Pradesh,STP co-treatment,UASB,13,13.2,
Bharwara,Uttar Pradesh,STP co-treatment,UASB,12,12.44,
Bijnor,Uttar Pradesh,STP co-treatment,UASB,16,15.6,
Trichy,Tamil Nadu,STP co-treatment,Waste stabilisation pond,19.3,19.3,Panjapur STP in Annexure II
Puri,Odisha,STP co-treatment,Waste stabilisation pond,23.9,23.9,
Jagjeetpur-III,Uttarakhand,STP co-treatment,ASP,10,10,
