directory,file_name,variable_name,variable_type,unit,description
data-raw,table-09-fstp.csv,technology,character,,"Technology group of the FSTP. Short label for the group header row in Table 9: DEWATS, MBBR, Geotube, Mizuchi, Electrocoagulation-flotation or Packaged STP."
data-raw,table-09-fstp.csv,sno,integer,,"Serial number of the plant within its technology group, as printed in Table 9."
data-raw,table-09-fstp.csv,plant,character,,"FSTP location as printed in Table 9, including the asterisk on Modinagar."
data-raw,table-09-fstp.csv,cod_removal_pct,numeric,%,"Removal of chemical oxygen demand (COD) from inlet to outlet. Average of the sampling rounds, as printed in Table 9."
data-raw,table-09-fstp.csv,bod_removal_pct,numeric,%,"Removal of biochemical oxygen demand (BOD) from inlet to outlet. Average of the sampling rounds, as printed in Table 9. Empty for Nalgonda, where Table 9 has no value."
data-raw,table-09-fstp.csv,tkn_removal_pct,numeric,%,"Removal of total Kjeldahl nitrogen (TKN) from inlet to outlet. Average of the sampling rounds, as printed in Table 9."
data-raw,table-09-fstp.csv,ph,numeric,,"pH of the treated discharge water. Average of the sampling rounds, as printed in Table 9."
data-raw,table-09-fstp.csv,faecal_coliform_mpn_100ml,numeric,MPN/100 mL,"Faecal coliforms in the treated discharge water, as most probable number per 100 mL. Average of the sampling rounds, as printed in Table 9."
data-raw,table-09-fstp.csv,discharge_cod_mgl,numeric,mg/L,"Chemical oxygen demand (COD) of the treated discharge water. Average of the sampling rounds, as printed in Table 9."
data-raw,table-09-fstp.csv,discharge_bod_mgl,numeric,mg/L,"Biochemical oxygen demand (BOD) of the treated discharge water. Average of the sampling rounds, as printed in Table 9."
data-raw,bod-discharge.csv,plant,character,,"Name of the plant as used in this repository. The spelling can differ from the tables of the report."
data-raw,bod-discharge.csv,state,character,,"Indian state where the plant is located."
data-raw,bod-discharge.csv,plant_type,character,,"FSTP for a faecal sludge treatment plant, or STP co-treatment for a sewage treatment plant that co-treats faecal sludge."
data-raw,bod-discharge.csv,technology,character,,"Treatment technology group, following the grouping of Tables 9 and 10 of the report."
data-raw,bod-discharge.csv,bod_summary_mgl,numeric,mg/L,"Average biochemical oxygen demand (BOD) of the treated discharge water, from Table 9 (FSTPs) or Table 10 (STPs) of the report."
data-raw,bod-discharge.csv,bod_annex_mgl,numeric,mg/L,"Average biochemical oxygen demand (BOD) of the treated discharge water, from the outlet rows of Annexure II of the report. For Bharwara, the final outlet after chlorination."
data-raw,bod-discharge.csv,note,character,,"Notes on the plant or on differences between parts of the report. Empty for most plants."
