"directory","file_name","variable_name","variable_type","description"
"data/","bod_compliance.rda","plant_id","character",
"data/","bod_compliance.rda","plant","character",
"data/","bod_compliance.rda","state","character",
"data/","bod_compliance.rda","plant_type","character",
"data/","bod_compliance.rda","technology","character",
"data/","bod_compliance.rda","bod_summary_mgl","numeric",
"data/","bod_compliance.rda","bod_annex_mgl","numeric",
"data/","fstp_performance.rda","plant_id","character",
"data/","fstp_performance.rda","state","character",
"data/","fstp_performance.rda","technology","character",
"data/","fstp_performance.rda","sno","integer",
"data/","fstp_performance.rda","plant","character",
"data/","fstp_performance.rda","cod_removal_pct","numeric",
"data/","fstp_performance.rda","bod_removal_pct","numeric",
"data/","fstp_performance.rda","tkn_removal_pct","numeric",
"data/","fstp_performance.rda","ph","numeric",
"data/","fstp_performance.rda","faecal_coliform_mpn_100ml","numeric",
"data/","fstp_performance.rda","discharge_cod_mgl","numeric",
"data/","fstp_performance.rda","discharge_bod_mgl","numeric",
"data/","plants.rda","plant_id","character",
"data/","plants.rda","plant_name","character",
"data/","plants.rda","state","character",
"data/","plants.rda","plant_type","character",
"data/","plants.rda","sno","integer",
"data/","plants.rda","plant","character",
"data/","plants.rda","capacity","character",
"data/","plants.rda","capacity_value","numeric",
"data/","plants.rda","capacity_unit","character",
"data/","plants.rda","technology","character",
"data/","plants.rda","description","character",
"data/","plants.rda","post_treatment","character",
"data/","plants.rda","capex","character",
"data/","plants.rda","opex","character",
"data/","plants.rda","capex_inr_crore","numeric",
"data/","plants.rda","opex_inr_lakh","numeric",
"data/","plants.rda","sampled","logical",
"data/","removal_stages.rda","plant_id","character",
"data/","removal_stages.rda","state","character",
"data/","removal_stages.rda","plant","character",
"data/","removal_stages.rda","parameter","character",
"data/","removal_stages.rda","fs_mgl","numeric",
"data/","removal_stages.rda","inlet_mgl","numeric",
"data/","removal_stages.rda","outlet_mgl","numeric",
"data/","removal_stages.rda","fs_to_inlet_removal_pct","numeric",
"data/","removal_stages.rda","fs_to_outlet_removal_pct","numeric",
"data/","removal_stages.rda","inlet_to_outlet_removal_pct","numeric",
"data/","samples.rda","plant_id","character",
"data/","samples.rda","state","character",
"data/","samples.rda","plant","character",
"data/","samples.rda","sample_type","character",
"data/","samples.rda","units_as_printed","character",
"data/","samples.rda","ph","numeric",
"data/","samples.rda","ts_mgl","numeric",
"data/","samples.rda","tds_mgl","numeric",
"data/","samples.rda","tss_mgl","numeric",
"data/","samples.rda","cod_mgl","numeric",
"data/","samples.rda","bod_mgl","numeric",
"data/","samples.rda","tkn_mgl","numeric",
"data/","samples.rda","ammoniacal_nitrogen_mgl","numeric",
"data/","samples.rda","total_phosphate_mgl","numeric",
"data/","samples.rda","faecal_coliform_mpn_100ml","numeric",
"data/","sludge_characteristics.rda","plant_id","character",
"data/","sludge_characteristics.rda","state","character",
"data/","sludge_characteristics.rda","plant","character",
"data/","sludge_characteristics.rda","ph","numeric",
"data/","sludge_characteristics.rda","ts_mgl","numeric",
"data/","sludge_characteristics.rda","cod_mgl","numeric",
"data/","sludge_characteristics.rda","bod_mgl","numeric",
"data/","sludge_characteristics.rda","faecal_coliform_mpn_100ml","numeric",
"data/","sludge_characteristics.rda","ts_cod_ratio","numeric",
"data/","sludge_characteristics.rda","cod_bod_ratio","numeric",
"data/","stp_performance.rda","plant_id","character",
"data/","stp_performance.rda","state","character",
"data/","stp_performance.rda","technology","character",
"data/","stp_performance.rda","plant","character",
"data/","stp_performance.rda","cod_removal_pct","numeric",
"data/","stp_performance.rda","bod_removal_pct","numeric",
"data/","stp_performance.rda","tkn_removal_pct","numeric",
"data/","stp_performance.rda","ph","numeric",
"data/","stp_performance.rda","faecal_coliform_mpn_100ml","numeric",
"data/","stp_performance.rda","discharge_cod_mgl","numeric",
"data/","stp_performance.rda","discharge_bod_mgl","numeric",
